﻿{
  "type": "array",
  "background": "#200",
  "margin": "0",
  "content": [
    {
      "type": "array",
      "dropshadow": true,
      "orientation": "vertical",
      "content": [
        {
          "type": "itemgrid",
          "h_alignment": "center",
          "item_margin": "1,2.5",
          "item_size": 70,
          "rows": [
                [ "elderkey", "roomkey", "shedkey", "templekey", "castlekey1", "castlekey2" ],
				[ "altocard", "greaperflag", "booflag", "bonesflag", "seed", "fertilizer" ],
				[ "rarecoin", "cricketpie", "cricketjam", "bambino", "shinystone", "carbocookie", "brightcard" ],
				[ "star1", "star2", "star3", "star4", "star5", "star6", "star7" ], 
				[ "", "", "", "", "", "", "" ],
				[ "hammerbro", "croco1", "mack", "pandorite", "belome1", "bowyer", "croco2" ],
				[ "punchinello", "booster", "grate", "bundt", "starhill", "calamari", "hidon" ],
				[ "johnny", "yarid", "belome2", "jagger", "jinx1", "culex", "boxboy" ],
				[ "megasmilax", "dodo", "birdo", "valentina", "czar", "axem", "magikoopa" ],
				[ "boomer", "exor", "countdown", "earthlink", "clerk", "gunyolk", "smithy" ]
          ]
        }
      ]
    }
  ]
}