﻿{
  "map_enabled": false,
  "auto_pin_capturing_locations": false,
  "auto_unpin_on_clear": true,
  "allow_resize": false,
  "layout_swap_left_right": false,
  "disabled_image_filter": "grayscale, brightness|.6",
  "layouts": {
    "shared_item_grid": {
      "type": "array",
      "h_alignment": "horizontal",
      "content": [
        {
          "type": "array",
          "orientation": "horizontal",
          "content": [
            {
              "type": "itemgrid",
              "h_alignment": "center",
              "item_margin": "1,2",
			  "item_size": 40,
			  "rows": [
                [ "elderkey", "roomkey", "shedkey", "templekey", "castlekey1", "castlekey2" ],
				[ "altocard", "greaperflag", "booflag", "bonesflag", "seed", "fertilizer" ],
				[ "rarecoin", "cricketpie", "cricketjam", "bambino", "shinystone", "carbocookie", "brightcard" ],
				[ "star1", "star2", "star3", "star4", "star5", "star6", "star7" ],
				[ "", "", "", "", "", "", "" ],
				[ "hammerbro", "croco1", "mack", "pandorite", "belome1", "bowyer", "croco2" ],
				[ "punchinello", "booster", "grate", "bundt", "starhill", "calamari", "hidon" ],
				[ "johnny", "yarid", "belome2", "jagger", "jinx1", "culex", "boxboy" ],
				[ "megasmilax", "dodo", "birdo", "valentina", "czar", "axem", "magikoopa" ],
				[ "boomer", "exor", "countdown", "earthlink", "clerk", "gunyolk", "smithy" ]
              ]
            }
          ]
        }
      ]
    },
    "tracker_capture_item": {
      "type": "container",
      "content": {
        "type": "layout",
        "key": "shared_item_grid"
      }
    },
    "tracker_default": {
      "type": "container",
      "width": 310,
      "height": 450,
      "background": "#212121",
      "content": {
        "dropshadow": true,
        "margin": 1,
        "type": "layout",
        "key": "shared_item_grid"
      }
    }
  }
}
