[
  // Hammer Brothers
  {
    "name": "Hammer Brothers",
	"type": "toggle",
	"loop": "true",
	"img": "images/hammer_bro.png",
	"codes": "hammerbro"
  },
  
  // Hammer Brothers Check
  {
    "name": "Hammer Brothers Check",
    "type": "toggle_badged",
    "base_item": "hammerbro",
    "img": "images/checkmark.png",
    "codes": "hammerCheck"
  },
  
  // Croco 1
  {
    "name": "Croco 1",
	"type": "toggle",
	"loop": "true",
	"img": "images/croco_1.png",
	"codes": "croco1"
  },
  
  // Croco 1 Check
  {
    "name": "Croco 1 Check",
    "type": "toggle_badged",
    "base_item": "croco1",
    "img": "images/checkmark.png",
    "codes": "croco1Check"
  },
  
  // Mack
  {
    "name": "Mack",
	"type": "toggle",
	"loop": "true",
	"img": "images/mack.png",
	"codes": "mack"
  },
   
  // Mack Check
  {
    "name": "Mack Check",
    "type": "toggle_badged",
    "base_item": "mack",
    "img": "images/checkmark.png",
    "codes": "mackCheck"
  },
  
  // Pandorite
  {
    "name": "Pandorite",
	"type": "toggle",
	"loop": "true",
	"img": "images/pandorite.png",
	"codes": "pandorite"
  },
  
   // Pandorite Check
  {
    "name": "Pandorite Check",
    "type": "toggle_badged",
    "base_item": "pandorite",
    "img": "images/checkmark.png",
    "codes": "pandoriteCheck"
  },
  
  // Belome 1
  {
	"name": "Belome 1",
	"type": "toggle",
	"loop": "true",
	"img": "images/belome_1.png",
	"codes": "belome1"
  },
  
   // Belome 1 Check
  {
    "name": "Belome 1 Check",
    "type": "toggle_badged",
    "base_item": "belome1",
    "img": "images/checkmark.png",
    "codes": "belome1Check"
  },
  
  // Bowyer
  {
    "name": "Bowyer",
	"type": "toggle",
	"loop": "true",
	"img": "images/bowyer.png",
	"codes": "bowyer"
  },
  
  // Bowyer Check
  {
    "name": "Bowyer Check",
    "type": "toggle_badged",
    "base_item": "bowyer",
    "img": "images/checkmark.png",
    "codes": "bowyerCheck"
  },
  
  // Croco 2
  {
    "name": "Croco 2",
	"type": "toggle",
	"loop": "true",
	"img": "images/croco_2.png",
	"codes": "croco2"
  },
  
  // Croco 2 Check
  {
    "name": "Croco 2 Check",
    "type": "toggle_badged",
    "base_item": "croco2",
    "img": "images/checkmark.png",
    "codes": "croco2Check"
  },
  
  // Punchinello
  {
    "name": "Punchinello",
	"type": "toggle",
	"loop": "true",
	"img": "images/punchinello.png",
	"codes": "punchinello"
  },
  
  // Punchinello Check
  {
    "name": "Punchinello Check",
    "type": "toggle_badged",
    "base_item": "punchinello",
    "img": "images/checkmark.png",
    "codes": "punchinelloCheck"
  },
  
  // Booster
  {
    "name": "Booster",
	"type": "toggle",
	"loop": "true",
	"img": "images/booster.png",
	"codes": "booster"
  },
  
  // Booster Check
  {
    "name": "Booster Check",
    "type": "toggle_badged",
    "base_item": "booster",
    "img": "images/checkmark.png",
    "codes": "boosterCheck"
  },
  
  // Knife Guy and Grate Guy
  {
    "name": "Knife and Grate Guy",
	"type": "toggle",
	"loop": "true",
	"img": "images/grate_guy.png",
	"codes": "grate"
  },
  
  // KG GG Check
  {
    "name": "Knife/Grate Check",
    "type": "toggle_badged",
    "base_item": "grate",
    "img": "images/checkmark.png",
    "codes": "grateCheck"
  },  
  
  // Bundt
  {
    "name": "Bundt",
	"type": "toggle",
	"loop": "true",
	"img": "images/bundt.png",
	"codes": "bundt"
  },
  
  // Bundt Check
  {
    "name": "Bundt Check",
    "type": "toggle_badged",
    "base_item": "bundt",
    "img": "images/checkmark.png",
    "codes": "bundtCheck"
  },  
    
  // King Calamari
  {
    "name": "King Calamari",
	"type": "toggle",
	"loop": "true",
	"img": "images/king_calamari.png",
	"codes": "calamari"
  },
  
  // King Calamari Check
  {
    "name": "King Calamari Check",
    "type": "toggle_badged",
    "base_item": "calamari",
    "img": "images/checkmark.png",
    "codes": "calamariCheck"
  },  
  
  // Hidon
  {
    "name": "Hidon",
	"type": "toggle",
	"loop": "true",
	"img": "images/hidon.png",
	"codes": "hidon"
  },
  
  // Hidon Check
  {
    "name": "Hidon Check",
    "type": "toggle_badged",
    "base_item": "hidon",
    "img": "images/checkmark.png",
    "codes": "hidonCheck"
  },  
  
  // Johnny
  {
    "name": "Johnny",
	"type": "toggle",
	"loop": "true",
	"img": "images/johnny.png",
	"codes": "johnny"
  },
  
  // Johnny Check
  {
    "name": "Johnny Check",
    "type": "toggle_badged",
    "base_item": "johnny",
    "img": "images/checkmark.png",
    "codes": "johnnyCheck"
  },  
  
  // Yaridovich
  {
	"name": "Yaridovich",
	"type": "toggle",
	"loop": "true",
	"img": "images/yarid.png",
	"codes": "yarid"
  },
  
  // Yaridovich Check
  {
    "name": "Yaridovich Check",
    "type": "toggle_badged",
    "base_item": "yarid",
    "img": "images/checkmark.png",
    "codes": "yaridCheck"
  },
  
  // Belome 2
  {
	"name": "Belome 2",
	"type": "toggle",
	"loop": "true",
	"img": "images/belome_2.png",
	"codes": "belome2"
  },
  
  // Belome 2 Check
  {
    "name": "Belome 2 Check",
    "type": "toggle_badged",
    "base_item": "belome2",
    "img": "images/checkmark.png",
    "codes": "belome2Check"
  },
  
  // Jagger
  {
	"name": "Jagger",
	"type": "toggle",
	"loop": "true",
	"img": "images/jagger.png",
	"codes": "jagger"
  },
  
  // Jagger Check
  {
    "name": "Jagger Check",
    "type": "toggle_badged",
    "base_item": "jagger",
    "img": "images/checkmark.png",
    "codes": "jaggerCheck"
  },  
  
  // Jinx 1
  {
	"name": "Jinx 1",
	"type": "toggle",
	"loop": "true",
	"img": "images/jinx_1.png",
	"codes": "jinx1"
  },
  
  // Jinx 1 Check
  {
    "name": "Jinx 1 Check",
    "type": "toggle_badged",
    "base_item": "jinx1",
    "img": "images/checkmark.png",
    "codes": "jinx1Check"
  },  
  
  // Jinx 2
  {
	"name": "Jinx 2",
	"type": "toggle",
	"loop": "true",
	"img": "images/jinx_2.png",
	"codes": "jinx2",
  },
  
  // Jinx 2 Check
  {
    "name": "Jinx 2 Check",
    "type": "toggle_badged",
    "base_item": "jinx2",
    "img": "images/checkmark.png",
    "codes": "jinx2Check"
  },  
  
  // Jinx 3
  {
	"name": "Jinx 3",
	"type": "toggle",
	"loop": "true",
	"img": "images/jinx_3.png",
	"codes": "jinx3"
  },
  
  // Jinx 3 Check
  {
    "name": "Jinx 3 Check",
    "type": "toggle_badged",
    "base_item": "jinx3",
    "img": "images/checkmark.png",
    "codes": "jinx3Check"
  },

  // Jinx Progressive
  {
	"name": "Jinx Progressive",
	"type": "progressive",
	"stages": [
		{
			"img": "images/jinx_1.png",
			"codes": "jinx1Prog"
		},
		{
			"img": "images/jinx_2.png",
			"codes": "jinx2Prog"
		},
		{
			"img": "images/jinx_3.png",
			"codes": "jinx3Prog"
		}
	]
  },
  
  // Culex
  {
	"name": "Culex",
	"type": "toggle",
	"loop": "true",
	"img": "images/culex.png",
	"codes": "culex"
  },
  
  // Culex Check
  {
    "name": "Culex Check",
    "type": "toggle_badged",
    "base_item": "culex",
    "img": "images/checkmark.png",
    "codes": "culexCheck"
  },
  
  // Box Boy
  {
	"name": "Box Boy",
	"type": "toggle",
	"loop": "true",
	"img": "images/box_boy.png",
	"codes": "boxboy"
  },
  
  // Box Boy Check
  {
    "name": "Box Boy Check",
    "type": "toggle_badged",
    "base_item": "boxboy",
    "img": "images/checkmark.png",
    "codes": "boxboyCheck"
  },
  
  // Megasmilax
  {
	"name": "Megasmilax",
	"type": "toggle",
	"loop": "true",
	"img": "images/megasmilax.png",
	"codes": "megasmilax"
  },
  
  // Megasmilax Check
  {
    "name": "Megasmilax Check",
    "type": "toggle_badged",
    "base_item": "megasmilax",
    "img": "images/checkmark.png",
    "codes": "megasmilaxCheck"
  },
  
  // Dodo
  {
	"name": "Dodo",
	"type": "toggle",
	"loop": "true",
	"img": "images/dodo.png",
	"codes": "dodo"
  },
  
  // Dodo Check
  {
    "name": "Dodo Check",
    "type": "toggle_badged",
    "base_item": "dodo",
    "img": "images/checkmark.png",
    "codes": "dodoCheck"
  },
  
  // Birdo
  {
	"name": "Birdo",
	"type": "Toggle",
	"loop": "true",
	"img": "images/birdo.png",
	"codes": "birdo"
  },
  
  // Birdo Check
  {
    "name": "Birdo Check",
    "type": "toggle_badged",
    "base_item": "birdo",
    "img": "images/checkmark.png",
    "codes": "birdoCheck"
  },
  
  // Valentina
  {
	"name": "Valentina",
	"type": "toggle",
	"loop": "true",
	"img": "images/valentina.png",
	"codes": "valentina"
  },
  
  // Valentina Check
  {
    "name": "Valentina Check",
    "type": "toggle_badged",
    "base_item": "valentina",
    "img": "images/checkmark.png",
    "codes": "valentinaCheck"
  },
  
  // Czar Dragon
  {
	"name": "Czar Dragon",
	"type": "toggle",
	"loop": "true",
	"img": "images/czar.png",
	"codes": "czar"
  },
  
  // Czar Dragon Check
  {
    "name": "Czar Dragon Check",
    "type": "toggle_badged",
    "base_item": "czar",
    "img": "images/checkmark.png",
    "codes": "czarCheck"
  },
  
  // Axem Rangers
  {
	"name": "Axem Rangers",
	"type": "toggle",
	"loop": "true",
	"img": "images/axem.png",
	"codes": "axem"
  },
  
  // Axem Rangers Check
  {
    "name": "Axem Rangers Check",
    "type": "toggle_badged",
    "base_item": "axem",
    "img": "images/checkmark.png",
    "codes": "axemCheck"
  },
  
  // Magikoopa
  {
	"name": "Magikoopa",
	"type": "toggle",
	"loop": "true",
	"img": "images/magikoopa.png",
	"codes": "magikoopa"
  },
  
  // Magikoopa Check
  {
    "name": "Magikoopa Check",
    "type": "toggle_badged",
    "base_item": "magikoopa",
    "img": "images/checkmark.png",
    "codes": "magikoopaCheck"
  },  
  
  // Boomer
  {
	"name": "Boomer",
	"type": "toggle",
	"loop": "true",
	"img": "images/boomer.png",
	"codes": "boomer"
  },
  
  // Boomer Check
  {
    "name": "Boomer Check",
    "type": "toggle_badged",
    "base_item": "boomer",
    "img": "images/checkmark.png",
    "codes": "boomerCheck"
  },
  
  // Exor
  {
	"name": "Exor",
	"type": "toggle",
	"loop": "true",
	"img": "images/exor.png",
	"codes": "exor"
  },
  
  // Exor Check
  {
    "name": "Exor Check",
    "type": "toggle_badged",
    "base_item": "exor",
    "img": "images/checkmark.png",
    "codes": "exorCheck"
  },
  
  // Countdown
  {
	"name": "Countdown",
	"type": "toggle",
	"loop": "true",
	"img": "images/countdown.png",
	"codes": "countdown"
  },
  
  // Countdown Check
  {
    "name": "Countdown Check",
    "type": "toggle_badged",
    "base_item": "countdown",
    "img": "images/checkmark.png",
    "codes": "countdownCheck"
  },
  
  // Earthlink
  {
	"name": "Earthlink",
	"type": "toggle",
	"loop": "true",
	"img": "images/earthlink.png",
	"codes": "earthlink"
  },
  
  // Earthlink Check
  {
    "name": "Earthlink Check",
    "type": "toggle_badged",
    "base_item": "earthlink",
    "img": "images/checkmark.png",
    "codes": "earthlinkCheck"
  },
  
  //Clerk
  {
	"name": "Clerk",
	"type": "toggle",
	"loop": "true",
	"img": "images/clerk.png",
	"codes": "clerk"
  },
  
  // Clerk Check
  {
    "name": "Clerk Check",
    "type": "toggle_badged",
    "base_item": "clerk",
    "img": "images/checkmark.png",
    "codes": "clerkCheck"
  },
  
  //Manager
  {
	"name": "Manager",
	"type": "toggle",
	"loop": "true",
	"img": "images/manager.png",
	"codes": "manager"
  },
  
  // Manager Check
  {
    "name": "Manager Check",
    "type": "toggle_badged",
    "base_item": "manager",
    "img": "images/checkmark.png",
    "codes": "managerCheck"
  },
  
  //Director
  {
	"name": "Director",
	"type": "toggle",
	"loop": "true",
	"img": "images/director.png",
	"codes": "director"
  },
  
  // Director Check
  {
    "name": "Director Check",
    "type": "toggle_badged",
    "base_item": "director",
    "img": "images/checkmark.png",
    "codes": "directorCheck"
  },
  
  // Clerk, Manager, Director
  {
	"name": "Clerk, Manager and Director",
	"type": "progressive",
	"stages": [
		{
			"img": "images/clerk.png",
			"codes": "clerkProg"
		},
		{
			"img": "images/manager.png",
			"codes": "managerProg"
		},
		{
			"img": "images/director.png",
			"codes": "directorProg"
		}
	]
  },
  
  // Gunyolk
  {
	"name": "Gunyolk",
	"type": "toggle",
	"loop": "true",
	"img": "images/gunyolk.png",
	"codes": "gunyolk"
  },
  
  // Gunyolk Check
  {
    "name": "Gunyolk Check",
    "type": "toggle_badged",
    "base_item": "gunyolk",
    "img": "images/checkmark.png",
    "codes": "gunyolkCheck"
  },
  
  // Smithy
  {
	"name": "Smithy",
	"type": "toggle",
	"loop": "true",
	"img": "images/smithy.png",
	"codes": "smithy"
  },
  
  // Smithy Check
  {
    "name": "Smithy Check",
    "type": "toggle_badged",
    "base_item": "smithy",
    "img": "images/checkmark.png",
    "codes": "smithyCheck"
  }
 ]