﻿[
  // Star 1
  {
    "name": "Star 1",
    "type": "toggle",
	"loop": "true",
    "img": "images/star1.png",
    "codes": "star1"
  },
  
  // Star 2
  {
    "name": "Star 2",
    "type": "toggle",
	"loop": "true",
    "img": "images/star2.png",
    "codes": "star2"
  },
  
  // Star 3
  {
    "name": "Star 3",
    "type": "toggle",
	"loop": "true",
    "img": "images/star3.png",
    "codes": "star3"
  },
  
  // Star 4
  {
    "name": "Star 4",
    "type": "toggle",
	"loop": "true",
    "img": "images/star4.png",
    "codes": "star4"
  },
  
  // Star 5
  {
    "name": "Star 5",
    "type": "toggle",
	"loop": "true",
    "img": "images/star5.png",
    "codes": "star5"
  },
  
  // Star 6
  {
    "name": "Star 6",
    "type": "toggle",
	"loop": "true",
    "img": "images/star6.png",
    "codes": "star6"
  },
  
  // Star 7
  {
    "name": "Star 7",
    "type": "toggle",
	"loop": "true",
    "img": "images/star7.png",
    "codes": "star7"
  },
  
  // Elder Key
  {
    "name": "Elder Key",
    "type": "toggle",
	"loop": "true",
    "img": "images/elder_key.png",
    "codes": "elderkey"
  },
  
  // Room Key
  {
    "name": "Room Key",
    "type": "toggle",
	"loop": "true",
    "img": "images/room_key.png",
    "codes": "roomkey"
  },
  
  // Shed Key
  {
    "name": "Shed Key",
    "type": "toggle",
	"loop": "true",
    "img": "images/shed_key.png",
    "codes": "shedkey"
  },
  
  // Temple Key
  {
    "name": "Temple Key",
    "type": "toggle",
	"loop": "true",
    "img": "images/temple_key.png",
    "codes": "templekey"
  },
  
  // Castle Key 1
  {
    "name": "Castle Key 1",
    "type": "toggle",
	"loop": "true",
    "img": "images/castle_key_1.png",
    "codes": "castlekey1"
  },
  
  // Castle Key 2
  {
    "name": "Castle Key 2",
    "type": "toggle",
	"loop": "true",
    "img": "images/castle_key_2.png",
    "codes": "castlekey2"
  },
  
  // Progressive Membership Card
  {
    "name": "Membership Card",
    "type": "progressive",
	"loop": "true",
    "stages": [
        {
          "img": "images/alto_card.png",
          "codes": "altocard"
        },
        {
          "img": "images/tenor_card.png",
          "codes": "tenorcard"
        },
		{
		  "img": "images/soprano_card.png",
		  "codes": "sopranocard"
		},
      ]
    },
  
  // Greaper Flag
  {
    "name": "Greaper Flag",
    "type": "toggle",
	"loop": "true",
    "img": "images/greaper_flag.png",
    "codes": "greaperflag"
  },
  
  // Dry Bones Flag
  {
    "name": "Dry Bones Flag",
    "type": "toggle",
	"loop": "true",
    "img": "images/bones_flag.png",
    "codes": "bonesflag"
  },
  
  // Big Boo Flag
  {
    "name": "Big Boo Flag",
    "type": "toggle",
	"loop": "true",
    "img": "images/boo_flag.png",
    "codes": "booflag"
  },
  
  // Rare Frog Coin
  {
    "name": "Rare Frog Coin",
    "type": "toggle",
	"loop": "true",
    "img": "images/rare_coin.png",
    "codes": "rarecoin"
  },
  
  // Cricket Pie
  {
    "name": "Cricket Pie",
	"type": "toggle",
	"loop": "true",
	"img": "images/cricket_pie.png",
	"codes": "cricketpie"
  },
  
  // Cricket Jam
  {
    "name": "Cricket Jam",
	"type": "toggle",
	"loop": "true",
	"img": "images/cricket_jam.png",
	"codes": "cricketjam"
  },
  
  // Bambino Bomb
  {
    "name": "Bambino Bomb",
	"type": "toggle",
	"loop": "true",
	"img": "images/bambino.png",
	"codes": "bambino"
  },
  
  // Seed
  {
    "name": "Seed",
	"type": "toggle",
	"loop": "true",
	"img": "images/seed.png",
	"codes": "seed"

  },
  
  // Fertilizer
  {
    "name": "Fertilizer",
	"type": "toggle",
	"loop": "true",
	"img": "images/fertilizer2.png",
	"codes": "fertilizer"
  },
  
  // Bright Card
  {
    "name": "Bright Card",
	"type": "toggle",
	"loop": "true",
	"img": "images/bright_card.png",
	"codes": "brightcard"
  },
  
  // Shiny Stone
  {
    "name": "Shiny Stone",
	"type": "toggle",
	"loop": "true",
	"img": "images/shiny_stone.png",
	"codes": "shinystone"
  },
  
  // Carbo Cookie
  {
    "name": "Carbo Cookie",
	"type": "toggle",
	"loop": "true",
	"img": "images/carbo_cookie.png",
	"codes": "carbocookie"
  },
  
  // Star Hill
  {
    "name": "Star Hill",
	"type": "toggle",
	"loop": "true",
	"img": "images/star_hill.png",
	"codes": "starhill"
  }
]
