﻿{
"tracker_broadcast": {
  "type": "array",
  //"background": "#200",
  "margin": "0",
  "content": [
    {
      "type": "array",
      "dropshadow": true,
      "orientation": "vertical",
      "content": [
        {
          "type": "itemgrid",
          "h_alignment": "center",
          "item_margin": "1,2.5",
          "item_size": 70,
          "rows": [
                [ "elderkey", "roomkey", "shedkey", "templekey", "castlekey1", "castlekey2" ],
				[ "altocard", "greaperflag", "booflag", "bonesflag", "seed", "fertilizer" ],
				[ "rarecoin", "cricketpie", "cricketjam", "bambino", "shinystone", "starhill" ],
				[ "star1", "star2", "star3", "star4", "star5", "star6", "star7" ],
				[ "hammerCheck", "croco1Check", "mackCheck", "pandoriteCheck", "belome1Check", "bowyerCheck", "croco2Check" ],
				[ "punchinelloCheck", "boosterCheck", "grateCheck", "bundtCheck", "calamariCheck", "hidonCheck", "johnnyCheck" ],
				[ "yaridCheck", "belome2Check", "jaggerCheck", "jinx1Check", "jinx2Check", "jinx3Check", "culexCheck" ],
				[ "boxboyCheck", "megasmilaxCheck", "dodoCheck", "birdoCheck", "valentinaCheck", "czarCheck", "axemCheck" ],
				[ "magikoopaCheck", "boomerCheck", "exorCheck", "countdownCheck", "earthlinkCheck", "clerkCheck", "managerCheck", ],
				[ "directorCheck", "gunyolkCheck", "smithyCheck"]
          ]
        }
      ]
    }
  ]
}
}
